id,user_id,instance_id,created_at,updated_at,customizable_type,customizable_id,external_id,properties,model_schema,deleted_at
1,,9780,2023-07-24 12:04:34.915196,2023-07-24 12:04:34.915196,,,81f549e9-2bf4-4a53-950d-2123ffd379bb,"{""qa_table_1_int"": 2137, ""qa_table_1_json"": {""qa_table_1_json1_property"": ""qa_table_1_json1_value""}, ""qa_table_1_array"": [""qa_table_1_array1_item1"", ""qa_table_1_array1_item2"", ""qa_table_1_array1_item3""], ""qa_table_1_string"": ""Lorem ipsum dolor sit amet""}",qa_table_1,
2,,9780,2023-07-24 12:05:47.545368,2023-07-24 12:05:47.545368,,,75b030af-b543-43d2-b897-ec75880a925e,"{""qa_table_1_int"": 3721, ""qa_table_1_json"": {""qa_table_1_json2_property1"": ""qa_table_1_json2_value1"", ""qa_table_2_json2_property2"": ""qa_table_1_json2_value2""}, ""qa_table_1_array"": [""qa_table_1_array2_item1"", ""qa_table_1_array2_item2"", ""qa_table_1_array2_item3""], ""qa_table_1_string"": ""Aliquam condimentum condimentum ultricies. Aenean mollis posuere purus, non gravida tortor congue non.""}",qa_table_1,
3,,9780,2023-07-24 12:06:31.315567,2023-12-05 10:36:43.270923,,,6f1c3346-8d2a-43fa-aae4-9c5e6715b488,"{""qa_table_1_int"": null, ""qa_table_1_json"": null, ""qa_table_1_array"": [], ""qa_table_1_string"": ""Nam lorem nibh, ultricies at blandit in, mollis non felis. Donec leo felis, tempus ultricies arcu varius, auctor dapibus sapien. Curabitur ut venenatis diam. Vivamus magna sapien, porta quis nisl non, pellentesque suscipit sem. Maecenas ut rutrum purus. Nullam at scelerisque ex, interdum gravida diam. Integer blandit velit nec tellus sollicitudin hendrerit. Curabitur euismod est at purus vulputate varius. Phasellus pulvinar orci eros, vel consectetur ex congue id. Fusce sed dui nisl. Curabitur consequat vitae leo vel condimentum. Donec in luctus dolor. Pellentesque in nulla velit. Ut rhoncus orci velit, ut fermentum risus ultricies id. Ut sit amet augue vitae leo vehicula commodo vitae ac quam. Sed in facilisis est, et finibus tellus."", ""qa_table_1_boolean"": false}",qa_table_1,
4,,9780,2023-07-24 12:07:34.184227,2024-01-30 10:57:55.82165,,,2077a1a0-6438-443c-b604-854b894b2234,"{""qa_table_1_int"": null, ""qa_table_1_json"": null, ""qa_table_1_array"": [""qa_table_1_array3_item1""], ""qa_table_1_string"": null, ""qa_table_1_boolean"": true, ""qa_table_1_datetime"": ""2007-12-03T10:15:30.000Z""}",qa_table_1,
6,,9780,2023-09-19 09:58:41.471616,2023-09-19 09:58:41.471616,,,caddf632-9504-4ad8-921b-0b36c94a8cb1,"{""qa_table_3_string"": ""One""}",qa_table_3,
7,,9780,2023-09-19 09:58:45.499956,2023-09-19 09:58:45.499956,,,8a517ee5-0434-4e71-95e1-aae69e562c02,"{""qa_table_3_string"": ""Two""}",qa_table_3,
8,,9780,2023-09-19 09:58:54.178818,2023-09-19 09:58:54.178818,,,866a15e7-b2cf-4e2e-bed6-66a6b6baf01e,"{""qa_table_3_string"": ""Three""}",qa_table_3,
9,,9780,2023-09-19 09:59:07.790327,2023-09-19 09:59:07.790327,,,9c9523d7-d1de-4657-a3b1-436a714c63d2,"{""qa_table_3_string"": ""Four""}",qa_table_3,
10,,9780,2023-09-19 09:59:13.407653,2023-09-19 09:59:13.407653,,,944183e8-c61d-4b82-a954-d8617cd9243c,"{""qa_table_3_string"": ""Five""}",qa_table_3,
11,,9780,2023-09-19 09:59:18.03284,2023-09-19 09:59:18.03284,,,2a86845a-a48d-4356-8606-771332a11386,"{""qa_table_3_string"": ""Six""}",qa_table_3,
12,,9780,2023-09-19 09:59:23.13853,2023-09-19 09:59:23.13853,,,5631405d-4ea4-4ec2-a842-9eabce8faa14,"{""qa_table_3_string"": ""Seven""}",qa_table_3,
13,,9780,2023-09-19 09:59:27.475902,2023-09-19 09:59:27.475902,,,1ad66877-2ef2-4f6f-b6bb-16bfefce7b16,"{""qa_table_3_string"": ""Eight""}",qa_table_3,
14,,9780,2023-09-19 09:59:32.185883,2023-09-19 09:59:32.185883,,,69ff6634-b361-420c-b8e5-79a1fa94c8d2,"{""qa_table_3_string"": ""Nine""}",qa_table_3,
15,,9780,2023-09-19 09:59:35.131863,2023-09-19 09:59:35.131863,,,9d0948f5-a638-4b1f-9311-4b5e5d2ef105,"{""qa_table_3_string"": ""Ten""}",qa_table_3,
16,,9780,2023-09-19 09:59:39.899411,2023-09-19 09:59:39.899411,,,6884da02-25d8-42ee-8b73-1a1d75e5cb64,"{""qa_table_3_string"": ""Eleven""}",qa_table_3,
17,,9780,2023-09-19 09:59:47.655622,2023-09-19 09:59:47.655622,,,420aa3ec-54fa-41c2-b414-0d8859c5f3db,"{""qa_table_3_string"": ""Twelve""}",qa_table_3,
18,,9780,2023-09-19 09:59:52.428375,2023-09-19 09:59:52.428375,,,5179f122-0251-45d4-b4ff-da882bce1d3e,"{""qa_table_3_string"": ""Thirteen""}",qa_table_3,
19,,9780,2023-09-19 09:59:59.358833,2023-09-19 09:59:59.358833,,,d5eb9e64-f4cf-453a-8b1d-bc714e4a858d,"{""qa_table_3_string"": ""Fourteen""}",qa_table_3,
20,,9780,2023-09-19 10:00:04.925291,2023-09-19 10:00:04.925291,,,4c84c7ff-a99b-424a-86ba-3e9445b20a7d,"{""qa_table_3_string"": ""Fiveteen""}",qa_table_3,
21,,9780,2023-09-19 10:00:09.717034,2023-09-19 10:00:09.717034,,,3606f004-9077-443f-9e9a-242aa7f0a4eb,"{""qa_table_3_string"": ""Sixteen""}",qa_table_3,
22,,9780,2023-09-19 10:00:14.32489,2023-09-19 10:00:14.32489,,,1d299109-1fcd-4eb5-bf15-67ff696c0d11,"{""qa_table_3_string"": ""Seventeen""}",qa_table_3,
23,,9780,2023-09-19 10:00:20.289568,2023-09-19 10:00:20.289568,,,dd9e880a-517b-493b-8c2b-d6fe30059092,"{""qa_table_3_string"": ""Eighteen""}",qa_table_3,
24,,9780,2023-09-19 10:00:25.357779,2023-09-19 10:00:25.357779,,,6ecbde08-83a6-4db4-b1ed-96cd17bb5ba8,"{""qa_table_3_string"": ""Nineteen""}",qa_table_3,
25,,9780,2023-09-19 10:00:29.844723,2023-09-19 10:00:29.844723,,,f25a449f-74fe-4105-a173-237f8e21078e,"{""qa_table_3_string"": ""Twenty""}",qa_table_3,
26,,9780,2023-09-19 10:00:42.599793,2023-09-19 10:00:42.599793,,,617f5f36-1681-4fd6-bf85-e6e1658e0d57,"{""qa_table_3_string"": ""Twenty one""}",qa_table_3,
27,,9780,2023-09-19 10:00:47.984712,2023-09-19 10:00:47.984712,,,4d04aef2-12b5-4d6f-887c-dd1b15ac96f3,"{""qa_table_3_string"": ""Twenty two""}",qa_table_3,
28,,9780,2023-09-19 10:00:52.620728,2023-09-19 10:00:52.620728,,,05c63eed-153d-441d-a3b3-8e61f431cc99,"{""qa_table_3_string"": ""Twenty three""}",qa_table_3,
29,,9780,2023-09-19 10:00:59.894122,2023-09-19 10:00:59.894122,,,c1408085-39ed-4680-80d1-10bd230b86c7,"{""qa_table_3_string"": ""Tenty four""}",qa_table_3,
30,,9780,2023-09-19 10:01:04.769055,2023-09-19 10:01:04.769055,,,2b9b0c1b-b7a6-4a08-b1e0-d9d11aeb62e0,"{""qa_table_3_string"": ""Twenty five""}",qa_table_3,
31,,9780,2023-12-06 10:32:11.941806,2023-12-06 10:32:11.941806,,,38ae69b9-601a-4d45-baf1-a4edd3c56e20,"{""qa_table_4_string"": ""Record to delete and restore""}",qa_table_4,
